"id","e","n"
"117331","1202432.35","7173603.804"
"117332","1202432.35","7173638.479"
"117333","1202432.35","7173673.165"
"117334","1202432.35","7173706.71"
"117335","1202432.35","7173740.255"
"117336","1202432.35","7173774.931"
"117337","1202432.35","7173809.616"
"117338","1202432.35","7173844.291"
"117339","1202432.35","7173871.388"
"116883","1201838.35","7174086.1"
"116884","1201838.35","7174119.66"
"116882","1201838.35","7174052.55"
"116881","1201838.35","7174017.87"
"116880","1201838.35","7173983.19"
"116879","1201838.35","7173948.5"
"116878","1201838.35","7173921.41"
"116894","1201838.35","7173706.71"
"116889","1201838.35","7173542.01"
"116950","1201927.45","7174119.66"
"117015","1202016.55","7174086.1"
"117080","1202105.65","7174052.55"
"117145","1202194.75","7174017.87"
"117210","1202283.85","7173983.19"
"117267","1202343.25","7173673.16"
"117404","1202521.45","7173844.294"
"117469","1202610.55","7173809.621"
"117534","1202699.65","7173774.932"
"117599","1202788.75","7173740.257"
"117664","1202877.85","7173706.71"
"117729","1202966.95","7173673.16"
"117794","1203056.05","7173638.47"
"117859","1203145.15","7173603.79"
"117925","1203234.25","7173603.79"
"118027","1203382.75","7174086.1"
"118038","1203382.75","7173706.71"
"117989","1203323.35","7173542.01"
"117340","1202462.05","7173921.441"
"117341","1202462.05","7173948.526"
"117342","1202462.05","7173983.209"
"117343","1202462.05","7174017.883"
"117344","1202462.05","7174052.556"
"117345","1202462.05","7174086.1"
"117346","1202462.05","7174119.654"
"117347","1202462.05","7174154.327"
"117348","1202462.05","7174189.001"
"117349","1202462.05","7174223.684"
"117350","1202462.05","7174250.769"
"117351","1202462.05","7173542.027"
"117353","1202462.05","7173603.801"
"117354","1202462.05","7173638.477"
"117355","1202462.05","7173673.163"
"117356","1202462.05","7173706.71"
"117357","1202462.05","7173740.257"
"117358","1202462.05","7173774.933"
"117359","1202462.05","7173809.619"
"117360","1202462.05","7173844.296"
"117361","1202462.05","7173871.393"
"117362","1202491.75","7173921.447"
"117363","1202491.75","7173948.531"
"117364","1202491.75","7173983.213"
"117365","1202491.75","7174017.885"
"117366","1202491.75","7174052.558"
"117367","1202491.75","7174086.1"
"117368","1202491.75","7174119.652"
"117369","1202491.75","7174154.325"
"117370","1202491.75","7174188.997"
"117371","1202491.75","7174223.679"
"117372","1202491.75","7174250.763"
"117373","1202491.75","7173542.029"
"117375","1202491.75","7173603.802"
"117376","1202491.75","7173638.478"
"117377","1202491.75","7173673.164"
"117378","1202491.75","7173706.71"
"117379","1202491.75","7173740.256"
"117380","1202491.75","7173774.932"
"117381","1202491.75","7173809.618"
"117382","1202491.75","7173844.294"
"117383","1202491.75","7173871.391"
"117384","1202521.45","7173921.439"
"117385","1202521.45","7173948.524"
"117386","1202521.45","7173983.208"
"117387","1202521.45","7174017.882"
"117388","1202521.45","7174052.556"
"117389","1202521.45","7174086.1"
"117390","1202521.45","7174119.654"
"117391","1202521.45","7174154.328"
"117392","1202521.45","7174189.002"
"117393","1202521.45","7174223.686"
"117394","1202521.45","7174250.771"
"117395","1202521.45","7173542.029"
"117397","1202521.45","7173603.802"
"117398","1202521.45","7173638.478"
"117399","1202521.45","7173673.164"
"117400","1202521.45","7173706.71"
"117401","1202521.45","7173740.256"
"117402","1202521.45","7173774.932"
"117403","1202521.45","7173809.618"
"117374","1202491.75","7173569.126"
"117352","1202462.05","7173569.124"
"116890","1201838.35","7173569.11"
"116905","1201868.05","7174086.1"
"116910","1201868.05","7174250.8"
"116911","1201868.05","7173542.01"
"116916","1201868.05","7173706.71"
"116922","1201897.75","7173921.41"
"116923","1201897.75","7173948.5"
"116924","1201897.75","7173983.19"
"116925","1201897.75","7174017.87"
"116926","1201897.75","7174052.55"
"116927","1201897.75","7174086.1"
"116928","1201897.75","7174119.66"
"116929","1201897.75","7174154.34"
"116930","1201897.75","7174189.02"
"116931","1201897.75","7174223.71"
"116932","1201897.75","7174250.8"
"116933","1201897.75","7173542.01"
"116934","1201897.75","7173569.11"
"116935","1201897.75","7173603.79"
"116936","1201897.75","7173638.47"
"116937","1201897.75","7173673.16"
"116938","1201897.75","7173706.71"
"116939","1201897.75","7173740.26"
"116940","1201897.75","7173774.94"
"116941","1201897.75","7173809.63"
"116942","1201897.75","7173844.31"
"116943","1201897.75","7173871.41"
"116944","1201927.45","7173921.41"
"116945","1201927.45","7173948.5"
"116946","1201927.45","7173983.19"
"116947","1201927.45","7174017.87"
"116948","1201927.45","7174052.55"
"116949","1201927.45","7174086.1"
"116909","1201868.05","7174223.71"
"116887","1201838.35","7174223.71"
"116908","1201868.05","7174189.02"
"116886","1201838.35","7174189.02"
"116907","1201868.05","7174154.34"
"116885","1201838.35","7174154.34"
"116906","1201868.05","7174119.66"
"116904","1201868.05","7174052.55"
"116903","1201868.05","7174017.87"
"116902","1201868.05","7173983.19"
"116901","1201868.05","7173948.5"
"116900","1201868.05","7173921.41"
"116921","1201868.05","7173871.41"
"116899","1201838.35","7173871.41"
"116920","1201868.05","7173844.31"
"116898","1201838.35","7173844.31"
"116919","1201868.05","7173809.63"
"116897","1201838.35","7173809.63"
"116918","1201868.05","7173774.94"
"116896","1201838.35","7173774.94"
"116917","1201868.05","7173740.26"
"116895","1201838.35","7173740.26"
"116915","1201868.05","7173673.16"
"116893","1201838.35","7173673.16"
"116914","1201868.05","7173638.47"
"116913","1201868.05","7173603.79"
"116891","1201838.35","7173603.79"
"116912","1201868.05","7173569.11"
"116951","1201927.45","7174154.34"
"116952","1201927.45","7174189.02"
"116953","1201927.45","7174223.71"
"116954","1201927.45","7174250.8"
"116955","1201927.45","7173542.01"
"116957","1201927.45","7173603.79"
"116958","1201927.45","7173638.47"
"116959","1201927.45","7173673.16"
"116960","1201927.45","7173706.71"
"116961","1201927.45","7173740.26"
"116962","1201927.45","7173774.94"
"116963","1201927.45","7173809.63"
"116964","1201927.45","7173844.31"
"116965","1201927.45","7173871.41"
"116966","1201957.15","7173921.41"
"116967","1201957.15","7173948.5"
"116968","1201957.15","7173983.19"
"116969","1201957.15","7174017.87"
"116970","1201957.15","7174052.55"
"116971","1201957.15","7174086.1"
"116972","1201957.15","7174119.66"
"116973","1201957.15","7174154.34"
"116974","1201957.15","7174189.02"
"116975","1201957.15","7174223.71"
"116976","1201957.15","7174250.8"
"116977","1201957.15","7173542.02"
"116979","1201957.15","7173603.796"
"116980","1201957.15","7173638.474"
"116981","1201957.15","7173673.162"
"116982","1201957.15","7173706.71"
"116983","1201957.15","7173740.258"
"116984","1201957.15","7173774.936"
"116985","1201957.15","7173809.624"
"116986","1201957.15","7173844.302"
"116987","1201957.15","7173871.4"
"116988","1201986.85","7173921.41"
"116989","1201986.85","7173948.5"
"116990","1201986.85","7173983.19"
"116991","1201986.85","7174017.87"
"116992","1201986.85","7174052.55"
"116993","1201986.85","7174086.1"
"116994","1201986.85","7174119.66"
"116995","1201986.85","7174154.34"
"116996","1201986.85","7174189.02"
"116997","1201986.85","7174223.71"
"116998","1201986.85","7174250.8"
"116999","1201986.85","7173542.01"
"117001","1201986.85","7173603.79"
"117002","1201986.85","7173638.47"
"117003","1201986.85","7173673.16"
"117004","1201986.85","7173706.71"
"117005","1201986.85","7173740.26"
"117006","1201986.85","7173774.94"
"117007","1201986.85","7173809.63"
"117008","1201986.85","7173844.31"
"117009","1201986.85","7173871.41"
"117010","1202016.55","7173921.41"
"117011","1202016.55","7173948.5"
"117012","1202016.55","7173983.19"
"117013","1202016.55","7174017.87"
"117014","1202016.55","7174052.55"
"116978","1201957.15","7173569.118"
"116956","1201927.45","7173569.11"
"117016","1202016.55","7174119.66"
"117017","1202016.55","7174154.34"
"117018","1202016.55","7174189.02"
"117019","1202016.55","7174223.71"
"117020","1202016.55","7174250.8"
"117021","1202016.55","7173542.01"
"117023","1202016.55","7173603.79"
"117024","1202016.55","7173638.47"
"117025","1202016.55","7173673.16"
"117026","1202016.55","7173706.71"
"117027","1202016.55","7173740.26"
"117028","1202016.55","7173774.94"
"117029","1202016.55","7173809.63"
"117030","1202016.55","7173844.31"
"117031","1202016.55","7173871.41"
"117032","1202046.25","7173921.41"
"117033","1202046.25","7173948.5"
"117034","1202046.25","7173983.19"
"117035","1202046.25","7174017.87"
"117036","1202046.25","7174052.55"
"117037","1202046.25","7174086.1"
"117038","1202046.25","7174119.66"
"117039","1202046.25","7174154.34"
"117040","1202046.25","7174189.02"
"117041","1202046.25","7174223.71"
"117042","1202046.25","7174250.8"
"117043","1202046.25","7173542.01"
"117045","1202046.25","7173603.79"
"117046","1202046.25","7173638.47"
"117047","1202046.25","7173673.16"
"117048","1202046.25","7173706.71"
"117049","1202046.25","7173740.26"
"117050","1202046.25","7173774.94"
"117051","1202046.25","7173809.63"
"117052","1202046.25","7173844.31"
"117053","1202046.25","7173871.41"
"117054","1202075.95","7173921.41"
"117055","1202075.95","7173948.5"
"117056","1202075.95","7173983.19"
"117057","1202075.95","7174017.87"
"117058","1202075.95","7174052.55"
"117059","1202075.95","7174086.1"
"117060","1202075.95","7174119.66"
"117061","1202075.95","7174154.34"
"117062","1202075.95","7174189.02"
"117063","1202075.95","7174223.71"
"117064","1202075.95","7174250.8"
"117065","1202075.95","7173542.019"
"117067","1202075.95","7173603.795"
"117068","1202075.95","7173638.474"
"117069","1202075.95","7173673.162"
"117070","1202075.95","7173706.71"
"117071","1202075.95","7173740.258"
"117072","1202075.95","7173774.936"
"117073","1202075.95","7173809.625"
"117074","1202075.95","7173844.303"
"117075","1202075.95","7173871.401"
"117076","1202105.65","7173921.41"
"117077","1202105.65","7173948.5"
"117078","1202105.65","7173983.19"
"117079","1202105.65","7174017.87"
"117044","1202046.25","7173569.11"
"117022","1202016.55","7173569.11"
"117081","1202105.65","7174086.1"
"117082","1202105.65","7174119.66"
"117083","1202105.65","7174154.34"
"117085","1202105.65","7174223.71"
"117086","1202105.65","7174250.8"
"117087","1202105.65","7173542.01"
"117089","1202105.65","7173603.79"
"117090","1202105.65","7173638.47"
"117091","1202105.65","7173673.16"
"117092","1202105.65","7173706.71"
"117093","1202105.65","7173740.26"
"117094","1202105.65","7173774.94"
"117095","1202105.65","7173809.63"
"117096","1202105.65","7173844.31"
"117097","1202105.65","7173871.41"
"117098","1202135.35","7173921.419"
"117099","1202135.35","7173948.508"
"117100","1202135.35","7173983.196"
"117101","1202135.35","7174017.874"
"117102","1202135.35","7174052.552"
"117103","1202135.35","7174086.1"
"117104","1202135.35","7174119.658"
"117105","1202135.35","7174154.336"
"117106","1202135.35","7174189.014"
"117107","1202135.35","7174223.702"
"117108","1202135.35","7174250.791"
"117109","1202135.35","7173542.01"
"117111","1202135.35","7173603.79"
"117112","1202135.35","7173638.47"
"117113","1202135.35","7173673.16"
"117114","1202135.35","7173706.71"
"117115","1202135.35","7173740.26"
"117116","1202135.35","7173774.94"
"117117","1202135.35","7173809.63"
"117118","1202135.35","7173844.31"
"117119","1202135.35","7173871.41"
"117120","1202165.05","7173921.41"
"117121","1202165.05","7173948.5"
"117122","1202165.05","7173983.19"
"117123","1202165.05","7174017.87"
"117124","1202165.05","7174052.55"
"117125","1202165.05","7174086.1"
"117126","1202165.05","7174119.66"
"117127","1202165.05","7174154.34"
"117128","1202165.05","7174189.02"
"117129","1202165.05","7174223.71"
"117130","1202165.05","7174250.8"
"117131","1202165.05","7173542.01"
"117133","1202165.05","7173603.79"
"117134","1202165.05","7173638.47"
"117135","1202165.05","7173673.16"
"117136","1202165.05","7173706.71"
"117137","1202165.05","7173740.26"
"117138","1202165.05","7173774.94"
"117139","1202165.05","7173809.63"
"117140","1202165.05","7173844.31"
"117141","1202165.05","7173871.41"
"117142","1202194.75","7173921.41"
"117143","1202194.75","7173948.5"
"117144","1202194.75","7173983.19"
"117132","1202165.05","7173569.11"
"117110","1202135.35","7173569.11"
"117088","1202105.65","7173569.11"
"117146","1202194.75","7174052.55"
"117147","1202194.75","7174086.1"
"117148","1202194.75","7174119.66"
"117149","1202194.75","7174154.34"
"117150","1202194.75","7174189.02"
"117151","1202194.75","7174223.71"
"117152","1202194.75","7174250.8"
"117153","1202194.75","7173542.01"
"117155","1202194.75","7173603.79"
"117156","1202194.75","7173638.47"
"117157","1202194.75","7173673.16"
"117158","1202194.75","7173706.71"
"117159","1202194.75","7173740.26"
"117160","1202194.75","7173774.94"
"117161","1202194.75","7173809.63"
"117162","1202194.75","7173844.31"
"117163","1202194.75","7173871.41"
"117164","1202224.45","7173921.41"
"117165","1202224.45","7173948.5"
"117166","1202224.45","7173983.19"
"117167","1202224.45","7174017.87"
"117168","1202224.45","7174052.55"
"117169","1202224.45","7174086.1"
"117170","1202224.45","7174119.66"
"117171","1202224.45","7174154.34"
"117172","1202224.45","7174189.02"
"117173","1202224.45","7174223.71"
"117174","1202224.45","7174250.8"
"117175","1202224.45","7173542.01"
"117177","1202224.45","7173603.79"
"117178","1202224.45","7173638.47"
"117179","1202224.45","7173673.16"
"117180","1202224.45","7173706.71"
"117181","1202224.45","7173740.26"
"117182","1202224.45","7173774.94"
"117183","1202224.45","7173809.63"
"117184","1202224.45","7173844.31"
"117185","1202224.45","7173871.41"
"117186","1202254.15","7173921.41"
"117187","1202254.15","7173948.5"
"117188","1202254.15","7173983.19"
"117189","1202254.15","7174017.87"
"117190","1202254.15","7174052.55"
"117191","1202254.15","7174086.1"
"117192","1202254.15","7174119.66"
"117193","1202254.15","7174154.34"
"117194","1202254.15","7174189.02"
"117195","1202254.15","7174223.71"
"117196","1202254.15","7174250.8"
"117197","1202254.15","7173542.01"
"117199","1202254.15","7173603.79"
"117200","1202254.15","7173638.47"
"117201","1202254.15","7173673.16"
"117202","1202254.15","7173706.71"
"117203","1202254.15","7173740.26"
"117204","1202254.15","7173774.94"
"117205","1202254.15","7173809.63"
"117206","1202254.15","7173844.31"
"117207","1202254.15","7173871.41"
"117208","1202283.85","7173921.41"
"117209","1202283.85","7173948.5"
"117176","1202224.45","7173569.11"
"117154","1202194.75","7173569.11"
"117211","1202283.85","7174017.87"
"117212","1202283.85","7174052.55"
"117213","1202283.85","7174086.1"
"117214","1202283.85","7174119.66"
"117215","1202283.85","7174154.34"
"117216","1202283.85","7174189.02"
"117217","1202283.85","7174223.71"
"117218","1202283.85","7174250.8"
"117219","1202283.85","7173542.01"
"117221","1202283.85","7173603.79"
"117222","1202283.85","7173638.47"
"117223","1202283.85","7173673.16"
"117224","1202283.85","7173706.71"
"117225","1202283.85","7173740.26"
"117226","1202283.85","7173774.94"
"117227","1202283.85","7173809.63"
"117228","1202283.85","7173844.31"
"117229","1202283.85","7173871.41"
"117230","1202313.55","7173921.41"
"117231","1202313.55","7173948.5"
"117232","1202313.55","7173983.19"
"117233","1202313.55","7174017.87"
"117234","1202313.55","7174052.55"
"117235","1202313.55","7174086.1"
"117236","1202313.55","7174119.66"
"117237","1202313.55","7174154.34"
"117238","1202313.55","7174189.02"
"117239","1202313.55","7174223.71"
"117240","1202313.55","7174250.8"
"117241","1202313.55","7173542.01"
"117243","1202313.55","7173603.79"
"117244","1202313.55","7173638.47"
"117245","1202313.55","7173673.16"
"117220","1202283.85","7173569.11"
"117246","1202313.55","7173706.71"
"117247","1202313.55","7173740.26"
"117248","1202313.55","7173774.94"
"117249","1202313.55","7173809.63"
"117250","1202313.55","7173844.31"
"117251","1202313.55","7173871.41"
"117252","1202343.25","7173921.41"
"117253","1202343.25","7173948.5"
"117254","1202343.25","7173983.19"
"117255","1202343.25","7174017.87"
"117256","1202343.25","7174052.55"
"117257","1202343.25","7174086.1"
"117258","1202343.25","7174119.66"
"117259","1202343.25","7174154.34"
"117260","1202343.25","7174189.02"
"117261","1202343.25","7174223.71"
"117262","1202343.25","7174250.8"
"117263","1202343.25","7173542.01"
"117265","1202343.25","7173603.79"
"117266","1202343.25","7173638.47"
"117268","1202343.25","7173706.71"
"117269","1202343.25","7173740.26"
"117270","1202343.25","7173774.94"
"117271","1202343.25","7173809.63"
"117272","1202343.25","7173844.31"
"117273","1202343.25","7173871.41"
"117274","1202372.95","7173921.41"
"117275","1202372.95","7173948.5"
"117276","1202372.95","7173983.19"
"117277","1202372.95","7174017.87"
"117278","1202372.95","7174052.55"
"117279","1202372.95","7174086.1"
"117280","1202372.95","7174119.66"
"117281","1202372.95","7174154.34"
"117282","1202372.95","7174189.02"
"117283","1202372.95","7174223.71"
"117284","1202372.95","7174250.8"
"117285","1202372.95","7173542.022"
"117287","1202372.95","7173603.797"
"117288","1202372.95","7173638.475"
"117289","1202372.95","7173673.162"
"117290","1202372.95","7173706.71"
"117291","1202372.95","7173740.258"
"117292","1202372.95","7173774.935"
"117293","1202372.95","7173809.623"
"117294","1202372.95","7173844.3"
"117295","1202372.95","7173871.398"
"117296","1202402.65","7173921.422"
"117297","1202402.65","7173948.51"
"117298","1202402.65","7173983.197"
"117299","1202402.65","7174017.875"
"117300","1202402.65","7174052.552"
"117301","1202402.65","7174086.1"
"117302","1202402.65","7174119.658"
"117303","1202402.65","7174154.335"
"117304","1202402.65","7174189.013"
"117305","1202402.65","7174223.7"
"117306","1202402.65","7174250.788"
"117307","1202402.65","7173542.035"
"117309","1202402.65","7173603.806"
"117310","1202402.65","7173638.48"
"117311","1202402.65","7173673.165"
"117312","1202402.65","7173706.71"
"117313","1202402.65","7173740.255"
"117314","1202402.65","7173774.93"
"117315","1202402.65","7173809.614"
"117316","1202402.65","7173844.289"
"117317","1202402.65","7173871.385"
"117318","1202432.35","7173921.428"
"117319","1202432.35","7173948.515"
"117320","1202432.35","7173983.201"
"117321","1202432.35","7174017.878"
"117322","1202432.35","7174052.554"
"117323","1202432.35","7174086.1"
"117324","1202432.35","7174119.656"
"117325","1202432.35","7174154.332"
"117326","1202432.35","7174189.009"
"117327","1202432.35","7174223.695"
"117328","1202432.35","7174250.782"
"117329","1202432.35","7173542.032"
"117308","1202402.65","7173569.131"
"117405","1202521.45","7173871.391"
"117406","1202551.15","7173921.432"
"117407","1202551.15","7173948.519"
"117408","1202551.15","7173983.204"
"117409","1202551.15","7174017.879"
"117410","1202551.15","7174052.555"
"117411","1202551.15","7174086.1"
"117412","1202551.15","7174119.655"
"117413","1202551.15","7174154.331"
"117414","1202551.15","7174189.006"
"117415","1202551.15","7174223.691"
"117416","1202551.15","7174250.778"
"117417","1202551.15","7173542.025"
"117419","1202551.15","7173603.8"
"117420","1202551.15","7173638.476"
"117421","1202551.15","7173673.163"
"117422","1202551.15","7173706.71"
"117423","1202551.15","7173740.257"
"117424","1202551.15","7173774.934"
"117425","1202551.15","7173809.62"
"117426","1202551.15","7173844.297"
"117427","1202551.15","7173871.395"
"117429","1202580.85","7173948.517"
"117430","1202580.85","7173983.203"
"117431","1202580.85","7174017.878"
"117432","1202580.85","7174052.554"
"117433","1202580.85","7174086.1"
"117434","1202580.85","7174119.656"
"117435","1202580.85","7174154.332"
"117436","1202580.85","7174189.007"
"117437","1202580.85","7174223.693"
"117438","1202580.85","7174250.78"
"117439","1202580.85","7173542.031"
"117441","1202580.85","7173603.803"
"117442","1202580.85","7173638.479"
"117443","1202580.85","7173673.164"
"117444","1202580.85","7173706.71"
"117445","1202580.85","7173740.256"
"117446","1202580.85","7173774.931"
"117447","1202580.85","7173809.617"
"117448","1202580.85","7173844.292"
"117449","1202580.85","7173871.389"
"117450","1202610.55","7173921.427"
"117451","1202610.55","7173948.514"
"117452","1202610.55","7173983.2"
"117453","1202610.55","7174017.877"
"117454","1202610.55","7174052.553"
"117455","1202610.55","7174086.1"
"117456","1202610.55","7174119.657"
"117457","1202610.55","7174154.333"
"117458","1202610.55","7174189.01"
"117459","1202610.55","7174223.696"
"117460","1202610.55","7174250.783"
"117461","1202610.55","7173542.024"
"117463","1202610.55","7173603.799"
"117464","1202610.55","7173638.476"
"117465","1202610.55","7173673.163"
"117466","1202610.55","7173706.71"
"117467","1202610.55","7173740.257"
"117468","1202610.55","7173774.934"
"117440","1202580.85","7173569.128"
"117418","1202551.15","7173569.123"
"117428","1202580.85","7173921.43"
"117470","1202610.55","7173844.299"
"117471","1202610.55","7173871.396"
"117472","1202640.25","7173921.426"
"117474","1202640.25","7173983.2"
"117475","1202640.25","7174017.876"
"117476","1202640.25","7174052.553"
"117477","1202640.25","7174086.1"
"117478","1202640.25","7174119.657"
"117479","1202640.25","7174154.334"
"117480","1202640.25","7174189.01"
"117481","1202640.25","7174223.697"
"117482","1202640.25","7174250.784"
"117483","1202640.25","7173542.028"
"117485","1202640.25","7173603.801"
"117486","1202640.25","7173638.477"
"117487","1202640.25","7173673.164"
"117488","1202640.25","7173706.71"
"117489","1202640.25","7173740.256"
"117490","1202640.25","7173774.933"
"117491","1202640.25","7173809.619"
"117492","1202640.25","7173844.295"
"117493","1202640.25","7173871.392"
"117494","1202669.95","7173921.422"
"117495","1202669.95","7173948.51"
"117496","1202669.95","7173983.198"
"117497","1202669.95","7174017.875"
"117498","1202669.95","7174052.553"
"117499","1202669.95","7174086.1"
"117500","1202669.95","7174119.657"
"117501","1202669.95","7174154.335"
"117502","1202669.95","7174189.012"
"117503","1202669.95","7174223.7"
"117504","1202669.95","7174250.788"
"117507","1202669.95","7173603.803"
"117508","1202669.95","7173638.479"
"117509","1202669.95","7173673.164"
"117510","1202669.95","7173706.71"
"117511","1202669.95","7173740.256"
"117512","1202669.95","7173774.931"
"117513","1202669.95","7173809.617"
"117514","1202669.95","7173844.293"
"117515","1202669.95","7173871.389"
"117516","1202699.65","7173921.421"
"117517","1202699.65","7173948.509"
"117518","1202699.65","7173983.197"
"117519","1202699.65","7174017.874"
"117520","1202699.65","7174052.552"
"117521","1202699.65","7174086.1"
"117522","1202699.65","7174119.658"
"117523","1202699.65","7174154.336"
"117524","1202699.65","7174189.013"
"117525","1202699.65","7174223.701"
"117526","1202699.65","7174250.789"
"117527","1202699.65","7173542.029"
"117529","1202699.65","7173603.802"
"117530","1202699.65","7173638.478"
"117531","1202699.65","7173673.164"
"117532","1202699.65","7173706.71"
"117533","1202699.65","7173740.256"
"117506","1202669.95","7173569.127"
"117505","1202669.95","7173542.031"
"117484","1202640.25","7173569.125"
"117473","1202640.25","7173948.513"
"117535","1202699.65","7173809.618"
"117536","1202699.65","7173844.294"
"117537","1202699.65","7173871.391"
"117538","1202729.35","7173921.42"
"117539","1202729.35","7173948.509"
"117540","1202729.35","7173983.196"
"117541","1202729.35","7174017.874"
"117542","1202729.35","7174052.552"
"117543","1202729.35","7174086.1"
"117544","1202729.35","7174119.658"
"117545","1202729.35","7174154.336"
"117546","1202729.35","7174189.014"
"117547","1202729.35","7174223.701"
"117548","1202729.35","7174250.79"
"117549","1202729.35","7173542.032"
"117551","1202729.35","7173603.804"
"117552","1202729.35","7173638.479"
"117553","1202729.35","7173673.164"
"117554","1202729.35","7173706.71"
"117555","1202729.35","7173740.256"
"117556","1202729.35","7173774.931"
"117557","1202729.35","7173809.616"
"117558","1202729.35","7173844.292"
"117559","1202729.35","7173871.388"
"117560","1202759.05","7173921.41"
"117561","1202759.05","7173948.5"
"117562","1202759.05","7173983.19"
"117563","1202759.05","7174017.87"
"117564","1202759.05","7174052.55"
"117565","1202759.05","7174086.1"
"117566","1202759.05","7174119.66"
"117567","1202759.05","7174154.34"
"117568","1202759.05","7174189.02"
"117569","1202759.05","7174223.71"
"117570","1202759.05","7174250.8"
"117571","1202759.05","7173542.033"
"117573","1202759.05","7173603.804"
"117574","1202759.05","7173638.48"
"117575","1202759.05","7173673.165"
"117576","1202759.05","7173706.71"
"117577","1202759.05","7173740.255"
"117578","1202759.05","7173774.93"
"117579","1202759.05","7173809.616"
"117580","1202759.05","7173844.291"
"117581","1202759.05","7173871.387"
"117582","1202788.75","7173921.41"
"117583","1202788.75","7173948.5"
"117584","1202788.75","7173983.19"
"117585","1202788.75","7174017.87"
"117586","1202788.75","7174052.55"
"117587","1202788.75","7174086.1"
"117588","1202788.75","7174119.66"
"117589","1202788.75","7174154.34"
"117590","1202788.75","7174189.02"
"117591","1202788.75","7174223.71"
"117592","1202788.75","7174250.8"
"117593","1202788.75","7173542.024"
"117595","1202788.75","7173603.799"
"117596","1202788.75","7173638.476"
"117597","1202788.75","7173673.163"
"117598","1202788.75","7173706.71"
"117572","1202759.05","7173569.129"
"117550","1202729.35","7173569.128"
"117600","1202788.75","7173774.934"
"117601","1202788.75","7173809.621"
"117602","1202788.75","7173844.298"
"117603","1202788.75","7173871.396"
"117604","1202818.45","7173921.41"
"117605","1202818.45","7173948.5"
"117606","1202818.45","7173983.19"
"117607","1202818.45","7174017.87"
"117608","1202818.45","7174052.55"
"117609","1202818.45","7174086.1"
"117610","1202818.45","7174119.66"
"117611","1202818.45","7174154.34"
"117612","1202818.45","7174189.02"
"117613","1202818.45","7174223.71"
"117614","1202818.45","7174250.8"
"117615","1202818.45","7173542.024"
"117617","1202818.45","7173603.798"
"117618","1202818.45","7173638.476"
"117619","1202818.45","7173673.163"
"117620","1202818.45","7173706.71"
"117621","1202818.45","7173740.257"
"117622","1202818.45","7173774.934"
"117623","1202818.45","7173809.622"
"117624","1202818.45","7173844.299"
"117625","1202818.45","7173871.396"
"117626","1202848.15","7173921.41"
"117627","1202848.15","7173948.5"
"117628","1202848.15","7173983.19"
"117629","1202848.15","7174017.87"
"117630","1202848.15","7174052.55"
"117631","1202848.15","7174086.1"
"117632","1202848.15","7174119.66"
"117633","1202848.15","7174154.34"
"117634","1202848.15","7174189.02"
"117635","1202848.15","7174223.71"
"117636","1202848.15","7174250.8"
"117637","1202848.15","7173542.019"
"117639","1202848.15","7173603.796"
"117640","1202848.15","7173638.474"
"117641","1202848.15","7173673.162"
"117642","1202848.15","7173706.71"
"117643","1202848.15","7173740.258"
"117644","1202848.15","7173774.936"
"117645","1202848.15","7173809.624"
"117646","1202848.15","7173844.303"
"117647","1202848.15","7173871.401"
"117648","1202877.85","7173921.41"
"117649","1202877.85","7173948.5"
"117650","1202877.85","7173983.19"
"117651","1202877.85","7174017.87"
"117652","1202877.85","7174052.55"
"117653","1202877.85","7174086.1"
"117654","1202877.85","7174119.66"
"117655","1202877.85","7174154.34"
"117656","1202877.85","7174189.02"
"117657","1202877.85","7174223.71"
"117658","1202877.85","7174250.8"
"117659","1202877.85","7173542.01"
"117661","1202877.85","7173603.79"
"117662","1202877.85","7173638.47"
"117663","1202877.85","7173673.16"
"117638","1202848.15","7173569.117"
"117616","1202818.45","7173569.121"
"117665","1202877.85","7173740.26"
"117666","1202877.85","7173774.94"
"117667","1202877.85","7173809.63"
"117668","1202877.85","7173844.31"
"117669","1202877.85","7173871.41"
"117670","1202907.55","7173921.41"
"117671","1202907.55","7173948.5"
"117672","1202907.55","7173983.19"
"117673","1202907.55","7174017.87"
"117674","1202907.55","7174052.55"
"117675","1202907.55","7174086.1"
"117676","1202907.55","7174119.66"
"117677","1202907.55","7174154.34"
"117678","1202907.55","7174189.02"
"117679","1202907.55","7174223.71"
"117680","1202907.55","7174250.8"
"117681","1202907.55","7173542.01"
"117683","1202907.55","7173603.79"
"117684","1202907.55","7173638.47"
"117685","1202907.55","7173673.16"
"117686","1202907.55","7173706.71"
"117687","1202907.55","7173740.26"
"117688","1202907.55","7173774.94"
"117689","1202907.55","7173809.63"
"117690","1202907.55","7173844.31"
"117691","1202907.55","7173871.41"
"117692","1202937.25","7173921.421"
"117693","1202937.25","7173948.509"
"117694","1202937.25","7173983.197"
"117695","1202937.25","7174017.875"
"117696","1202937.25","7174052.552"
"117697","1202937.25","7174086.1"
"117698","1202937.25","7174119.658"
"117699","1202937.25","7174154.335"
"117700","1202937.25","7174189.013"
"117701","1202937.25","7174223.701"
"117702","1202937.25","7174250.789"
"117703","1202937.25","7173542.01"
"117705","1202937.25","7173603.79"
"117706","1202937.25","7173638.47"
"117707","1202937.25","7173673.16"
"117708","1202937.25","7173706.71"
"117709","1202937.25","7173740.26"
"117710","1202937.25","7173774.94"
"117711","1202937.25","7173809.63"
"117712","1202937.25","7173844.31"
"117713","1202937.25","7173871.41"
"117714","1202966.95","7173921.423"
"117715","1202966.95","7173948.511"
"117716","1202966.95","7173983.198"
"117717","1202966.95","7174017.875"
"117718","1202966.95","7174052.553"
"117719","1202966.95","7174086.1"
"117720","1202966.95","7174119.657"
"117721","1202966.95","7174154.335"
"117722","1202966.95","7174189.012"
"117723","1202966.95","7174223.699"
"117724","1202966.95","7174250.787"
"117725","1202966.95","7173542.01"
"117727","1202966.95","7173603.79"
"117728","1202966.95","7173638.47"
"117704","1202937.25","7173569.11"
"117682","1202907.55","7173569.11"
"117730","1202966.95","7173706.71"
"117731","1202966.95","7173740.26"
"117732","1202966.95","7173774.94"
"117733","1202966.95","7173809.63"
"117734","1202966.95","7173844.31"
"117735","1202966.95","7173871.41"
"117736","1202996.65","7173921.423"
"117737","1202996.65","7173948.511"
"117738","1202996.65","7173983.198"
"117739","1202996.65","7174017.875"
"117740","1202996.65","7174052.553"
"117741","1202996.65","7174086.1"
"117742","1202996.65","7174119.657"
"117743","1202996.65","7174154.335"
"117744","1202996.65","7174189.012"
"117745","1202996.65","7174223.699"
"117746","1202996.65","7174250.787"
"117747","1202996.65","7173542.01"
"117749","1202996.65","7173603.79"
"117750","1202996.65","7173638.47"
"117751","1202996.65","7173673.16"
"117752","1202996.65","7173706.71"
"117753","1202996.65","7173740.26"
"117754","1202996.65","7173774.94"
"117755","1202996.65","7173809.63"
"117756","1202996.65","7173844.31"
"117757","1202996.65","7173871.41"
"117758","1203026.35","7173921.424"
"117759","1203026.35","7173948.512"
"117760","1203026.35","7173983.199"
"117761","1203026.35","7174017.876"
"117762","1203026.35","7174052.553"
"117763","1203026.35","7174086.1"
"117764","1203026.35","7174119.657"
"117765","1203026.35","7174154.334"
"117766","1203026.35","7174189.011"
"117767","1203026.35","7174223.698"
"117768","1203026.35","7174250.786"
"117769","1203026.35","7173542.01"
"117771","1203026.35","7173603.79"
"117772","1203026.35","7173638.47"
"117773","1203026.35","7173673.16"
"117774","1203026.35","7173706.71"
"117775","1203026.35","7173740.26"
"117776","1203026.35","7173774.94"
"117777","1203026.35","7173809.63"
"117778","1203026.35","7173844.31"
"117779","1203026.35","7173871.41"
"117780","1203056.05","7173921.426"
"117781","1203056.05","7173948.513"
"117782","1203056.05","7173983.2"
"117783","1203056.05","7174017.877"
"117784","1203056.05","7174052.553"
"117785","1203056.05","7174086.1"
"117786","1203056.05","7174119.657"
"117787","1203056.05","7174154.333"
"117788","1203056.05","7174189.01"
"117789","1203056.05","7174223.697"
"117790","1203056.05","7174250.784"
"117791","1203056.05","7173542.01"
"117793","1203056.05","7173603.79"
"117770","1203026.35","7173569.11"
"117748","1202996.65","7173569.11"
"117795","1203056.05","7173673.16"
"117796","1203056.05","7173706.71"
"117797","1203056.05","7173740.26"
"117798","1203056.05","7173774.94"
"117799","1203056.05","7173809.63"
"117800","1203056.05","7173844.31"
"117801","1203056.05","7173871.41"
"117802","1203085.75","7173921.427"
"117803","1203085.75","7173948.514"
"117804","1203085.75","7173983.201"
"117805","1203085.75","7174017.877"
"117806","1203085.75","7174052.554"
"117807","1203085.75","7174086.1"
"117808","1203085.75","7174119.656"
"117809","1203085.75","7174154.333"
"117810","1203085.75","7174189.009"
"117811","1203085.75","7174223.696"
"117812","1203085.75","7174250.783"
"117813","1203085.75","7173542.01"
"117815","1203085.75","7173603.79"
"117816","1203085.75","7173638.47"
"117817","1203085.75","7173673.16"
"117818","1203085.75","7173706.71"
"117819","1203085.75","7173740.26"
"117820","1203085.75","7173774.94"
"117821","1203085.75","7173809.63"
"117822","1203085.75","7173844.31"
"117823","1203085.75","7173871.41"
"117824","1203115.45","7173921.426"
"117825","1203115.45","7173948.513"
"117826","1203115.45","7173983.2"
"117827","1203115.45","7174017.876"
"117828","1203115.45","7174052.553"
"117829","1203115.45","7174086.1"
"117830","1203115.45","7174119.657"
"117831","1203115.45","7174154.334"
"117832","1203115.45","7174189.01"
"117833","1203115.45","7174223.697"
"117834","1203115.45","7174250.784"
"117835","1203115.45","7173542.01"
"117837","1203115.45","7173603.79"
"117838","1203115.45","7173638.47"
"117839","1203115.45","7173673.16"
"117840","1203115.45","7173706.71"
"117841","1203115.45","7173740.26"
"117842","1203115.45","7173774.94"
"117843","1203115.45","7173809.63"
"117844","1203115.45","7173844.31"
"117845","1203115.45","7173871.41"
"117846","1203145.15","7173921.424"
"117847","1203145.15","7173948.511"
"117848","1203145.15","7173983.199"
"117849","1203145.15","7174017.876"
"117850","1203145.15","7174052.553"
"117851","1203145.15","7174086.1"
"117852","1203145.15","7174119.657"
"117853","1203145.15","7174154.334"
"117854","1203145.15","7174189.011"
"117855","1203145.15","7174223.699"
"117856","1203145.15","7174250.786"
"117857","1203145.15","7173542.01"
"117836","1203115.45","7173569.11"
"117814","1203085.75","7173569.11"
"117860","1203145.15","7173638.47"
"117861","1203145.15","7173673.16"
"117862","1203145.15","7173706.71"
"117863","1203145.15","7173740.26"
"117864","1203145.15","7173774.94"
"117865","1203145.15","7173809.63"
"117866","1203145.15","7173844.31"
"117867","1203145.15","7173871.41"
"117868","1203174.85","7173921.428"
"117869","1203174.85","7173948.515"
"117870","1203174.85","7173983.202"
"117871","1203174.85","7174017.878"
"117872","1203174.85","7174052.554"
"117873","1203174.85","7174086.1"
"117874","1203174.85","7174119.656"
"117875","1203174.85","7174154.332"
"117876","1203174.85","7174189.008"
"117877","1203174.85","7174223.695"
"117878","1203174.85","7174250.782"
"117879","1203174.85","7173542.01"
"117881","1203174.85","7173603.79"
"117882","1203174.85","7173638.47"
"117883","1203174.85","7173673.16"
"117884","1203174.85","7173706.71"
"117885","1203174.85","7173740.26"
"117886","1203174.85","7173774.94"
"117887","1203174.85","7173809.63"
"117888","1203174.85","7173844.31"
"117889","1203174.85","7173871.41"
"117890","1203204.55","7173921.431"
"117891","1203204.55","7173948.518"
"117892","1203204.55","7173983.203"
"117893","1203204.55","7174017.879"
"117894","1203204.55","7174052.554"
"117895","1203204.55","7174086.1"
"117896","1203204.55","7174119.656"
"117897","1203204.55","7174154.331"
"117898","1203204.55","7174189.007"
"117899","1203204.55","7174223.692"
"117900","1203204.55","7174250.779"
"117901","1203204.55","7173542.01"
"117903","1203204.55","7173603.79"
"117904","1203204.55","7173638.47"
"117905","1203204.55","7173673.16"
"117906","1203204.55","7173706.71"
"117907","1203204.55","7173740.26"
"117908","1203204.55","7173774.94"
"117909","1203204.55","7173809.63"
"117910","1203204.55","7173844.31"
"117911","1203204.55","7173871.41"
"117912","1203234.25","7173921.44"
"117913","1203234.25","7173948.525"
"117914","1203234.25","7173983.209"
"117915","1203234.25","7174017.882"
"117916","1203234.25","7174052.556"
"117917","1203234.25","7174086.1"
"117918","1203234.25","7174119.654"
"117919","1203234.25","7174154.328"
"117920","1203234.25","7174189.001"
"117921","1203234.25","7174223.685"
"117922","1203234.25","7174250.77"
"117923","1203234.25","7173542.01"
"117880","1203174.85","7173569.11"
"117926","1203234.25","7173638.47"
"117927","1203234.25","7173673.16"
"117928","1203234.25","7173706.71"
"117929","1203234.25","7173740.26"
"117930","1203234.25","7173774.94"
"117931","1203234.25","7173809.63"
"117932","1203234.25","7173844.31"
"117933","1203234.25","7173871.41"
"117934","1203263.95","7173921.457"
"117935","1203263.95","7173948.539"
"117936","1203263.95","7173983.219"
"117937","1203263.95","7174017.889"
"117938","1203263.95","7174052.56"
"117939","1203263.95","7174086.1"
"117940","1203263.95","7174119.65"
"117941","1203263.95","7174154.321"
"117942","1203263.95","7174188.991"
"117943","1203263.95","7174223.671"
"117944","1203263.95","7174250.753"
"117945","1203263.95","7173542.01"
"117947","1203263.95","7173603.79"
"117948","1203263.95","7173638.47"
"117949","1203263.95","7173673.16"
"117950","1203263.95","7173706.71"
"117951","1203263.95","7173740.26"
"117952","1203263.95","7173774.94"
"117953","1203263.95","7173809.63"
"117954","1203263.95","7173844.31"
"117955","1203263.95","7173871.41"
"117956","1203293.65","7173921.461"
"117957","1203293.65","7173948.543"
"117958","1203293.65","7173983.222"
"117959","1203293.65","7174017.891"
"117960","1203293.65","7174052.56"
"117961","1203293.65","7174086.1"
"117962","1203293.65","7174119.65"
"117963","1203293.65","7174154.319"
"117964","1203293.65","7174188.988"
"117965","1203293.65","7174223.667"
"117966","1203293.65","7174250.749"
"117967","1203293.65","7173542.01"
"117969","1203293.65","7173603.79"
"117970","1203293.65","7173638.47"
"117971","1203293.65","7173673.16"
"117972","1203293.65","7173706.71"
"117973","1203293.65","7173740.26"
"117974","1203293.65","7173774.94"
"117975","1203293.65","7173809.63"
"117976","1203293.65","7173844.31"
"117977","1203293.65","7173871.41"
"117978","1203323.35","7173921.464"
"117979","1203323.35","7173948.545"
"117980","1203323.35","7173983.224"
"117981","1203323.35","7174017.892"
"117982","1203323.35","7174052.561"
"117983","1203323.35","7174086.1"
"117984","1203323.35","7174119.649"
"117985","1203323.35","7174154.318"
"117986","1203323.35","7174188.986"
"117987","1203323.35","7174223.665"
"117988","1203323.35","7174250.746"
"117946","1203263.95","7173569.11"
"117924","1203234.25","7173569.11"
"117991","1203323.35","7173603.79"
"117992","1203323.35","7173638.47"
"117993","1203323.35","7173673.16"
"117994","1203323.35","7173706.71"
"117995","1203323.35","7173740.26"
"117996","1203323.35","7173774.94"
"117997","1203323.35","7173809.63"
"117998","1203323.35","7173844.31"
"117999","1203323.35","7173871.41"
"118000","1203353.05","7173921.454"
"118001","1203353.05","7173948.537"
"118002","1203353.05","7173983.217"
"118003","1203353.05","7174017.888"
"118004","1203353.05","7174052.559"
"118005","1203353.05","7174086.1"
"118006","1203353.05","7174119.651"
"118007","1203353.05","7174154.322"
"118008","1203353.05","7174188.993"
"118009","1203353.05","7174223.673"
"118010","1203353.05","7174250.756"
"118011","1203353.05","7173542.01"
"118012","1203353.05","7173569.11"
"118013","1203353.05","7173603.79"
"118014","1203353.05","7173638.47"
"118015","1203353.05","7173673.16"
"118016","1203353.05","7173706.71"
"118017","1203353.05","7173740.26"
"118018","1203353.05","7173774.94"
"118019","1203353.05","7173809.63"
"118020","1203353.05","7173844.31"
"118021","1203353.05","7173871.41"
"118022","1203382.75","7173921.449"
"118023","1203382.75","7173948.532"
"118024","1203382.75","7173983.214"
"118025","1203382.75","7174017.886"
"118026","1203382.75","7174052.558"
"118028","1203382.75","7174119.652"
"118029","1203382.75","7174154.324"
"118030","1203382.75","7174188.996"
"118031","1203382.75","7174223.678"
"118032","1203382.75","7174250.761"
"118033","1203382.75","7173542.01"
"118034","1203382.75","7173569.11"
"118035","1203382.75","7173603.79"
"118036","1203382.75","7173638.47"
"118037","1203382.75","7173673.16"
"118039","1203382.75","7173740.26"
"118040","1203382.75","7173774.94"
"118041","1203382.75","7173809.63"
"118042","1203382.75","7173844.31"
"118043","1203382.75","7173871.41"
"117084","1202105.65","7174189.02"
"117990","1203323.35","7173569.11"
"117968","1203293.65","7173569.11"
"117902","1203204.55","7173569.11"
"117792","1203056.05","7173569.11"
"117462","1202610.55","7173569.121"
"117396","1202521.45","7173569.126"
"117330","1202432.35","7173569.129"
"117286","1202372.95","7173569.12"
"117242","1202313.55","7173569.11"
"117528","1202699.65","7173569.126"
"117264","1202343.25","7173569.11"
"116888","1201838.35","7174250.8"
"116892","1201838.35","7173638.47"
"117066","1202075.95","7173569.117"
"117000","1201986.85","7173569.11"
"117858","1203145.15","7173569.11"
"117726","1202966.95","7173569.11"
"117660","1202877.85","7173569.11"
"117594","1202788.75","7173569.122"
"117198","1202254.15","7173569.11"